{"file_hashes":[{"block_hashes":["x8H3vJO6KKS4+GI97KSNjgGFZClwivRQxhVB7hJ7mhk=","cjmKtvlezysLIrcpUjE1/eezGj3QOxsKL94t5eAMPWg=","okvqaADJ1XLyLubudIo4/jmMtmadT6ss2+qdKKQwdzA=","Grvfrctd0d2maQtDOhpGdNTeLMbSu/bbhsuJ/7Z6eGc=","tK+KazDXXmTkYt0j95d1yTYiDsPJH0dZrBuXp8R9XMc="],"block_size":4096,"path":"448c34a56d699c29117adc64c43affeb.woff2"},{"block_hashes":["DUIK+6TJHoEp2jz/YLIV7zUkVM/ZxwjyQWYnxBK509s=","EaJIT3GtLhdhg3tvJOYn2P5dzS5C8vr5AokL0ONmLHw=","sZ2L1G/3/cleL14J4US8rGlHj16NufwMNPSIjVnTHrg=","D67Vs5rnX2UVs/mVKloFe104qDdbYSpKnsvvmEOTBeo=","/cQP0QfV0v8engQgw96aXcauED4PXSEW4W9S6bvL1wE=","KyVrij5QPBLRcH4ES964CFj70Qjnp5tEHvOmfoxsP1w=","8f2TqS2fzr1gMc9BZg9Vw3JBiPHL5OD5q18F7m3JTow=","zo1YtWhNsKfH252COTV+Oo4tPmMD96L9hsMi7OQH0vw=","fi5ZEmMqb2V5Qoaf24KlM3HQ/zqZla+VBjZgQ2mxKW0=","QM2Aa69qUqql07oWX9DMbQfjfcuq8hGnm33gqQtCmzg=","G0c5Dkpv4bg0FSJOyi5ME2wzkxlilFBr6PAi3YOvfq8=","9a+NSOts/TGc3gOqJ7QPe9brvs/WaSIY5XRuW97SLyw=","Li2Wv6bY1qzBMWp1xdFfwVV3c5tfGa/UL8ZdIlfdFI8=","cWMV4XRYcbngrUYyt4TZFVW95aNZbwq/TH9OrW6rghI=","N7+GuiEpFGIxP251yQ7F1ktL9AAw2FK5fytwYuXrEjg=","wf1EEOHe+LdZ9bji09Iy//Vm2S/i0nYVxaacyowVSzU=","7xeSE89C6U+5W0sG/HeQZgIXDyVHhACxTumhnXAVE08=","I+IAGMaeqIebb7wNmSy0RFPaxXZHgwYkJfIEIuxBB4k=","4OzGv6KDnHXtmeWmyUML2ktNgtfjC4OsBS2Nu6nQ3s0=","rSKPol330BImFqKWPMfOaJgc0C7tmOE3+zmVseTXBsw=","tDVjIBbSVzLhvpAxWvj+o4w7lfVYPWoq6p/dEk8DGtI=","FPyIC609pdpgigaTauAOeKLZCCxrb8h6y2fqVw1cJ7o=","9+gYNgInDhMyGt80U7vGLoEfsH3oj7sltR8ZCVYo8rA=","QnfWd0GlbASOFt2Kihp990OjxjkT3tdJ5D5C8exUS68=","ag1P5rQCyxd/ZaHxTOU496h7VV4WfNDnzreGElkfmVg=","ZOh5vratCC7AkAR+YvKNcxrvGGzTxLCde/LIJLbHzxs=","WlIwEEGsSgfslJRC+VGcwQ+q42sWiDK9iBQh/a1K2BU="],"block_size":4096,"path":"89889688147bd7575d6327160d64e760.svg"},{"block_hashes":["83Zg+9l5MoVFN0VbtY8YD8OP/SXu5PnzfBh9Hb/LaqA="],"block_size":4096,"path":"background.js"},{"block_hashes":["UQj8MednkP0CqG93+1hlZyJQIciadgSIQlkzFPuqO9g=","3sCb/Ral8Y5shh+upo3ZR7gr1mI0msBjOtDvOfWSP+I=","ejnIlqNn6/Fakv8AQUVxAkrgSsRImTiQFmAxopjNdFA=","+L5zRUb1EB71EhgV9Fxo7ajdmKMcnq0SyZpyT7wIpa0=","IO8iChrU81ZJhPRC6q7d3V8L9CPoB1txCv0XP7JVAxA=","CkfllfXJ/oRgYeBZaWZ5d96ndjSzl8uktfNuiv1gTu4=","29HrB/SGUYYSTJfZRctxQgeEQKIY5UF1eMTNg84xLEE=","Jg3FaCS6EeWIDET69KrSbR1aejV8kl0tE3UqO4R26eY=","x8uslvxbe193tQlYrst8RFjBUqIqo4lWWnW9/zH5CDw=","c2hlBrl5UT79AV+ypuEeUmx8Y8awJLYlL4IKv2zvYbo=","6JyPFL+/Cyoa5sGRXhW1wsrYQJLnoo1S8zgxfOF2Pdc=","qRF25AvxvZp1VJbl5MM/5EG52WJw/1IQ7moAS3vhzVo="],"block_size":4096,"path":"e18bbf611f2a2e43afc071aa2f4e1512.ttf"},{"block_hashes":["zQqgax7s4YYE6oFJm2QkD5NiBX2AArwZdvmGImyGL0U=","x7yoXVagEHoaoj1TvwG+mXDLGdy2rlbkfefz+MuoPIk=","4m+KcqHyEqhZfhHRYdjvcMaLiWmq8kG57dnXFBM8yA0=","KFWQQrTm6nQDPIym/tMw9LHjVPqow07H12dX5G14Ib0=","nTC4avYu3XPKfdxZbZiYtW2+LD2L5LgJDu6ZYlpFIyA="],"block_size":4096,"path":"f4769f9bdb7466be65088239c12046d1.eot"},{"block_hashes":["tZ4ReWw8lCN2x7lofUv3C6dqWH6iSH/i11YX7TMQ5jk=","3nCWhpueUFCeWduPaAaHIbx+gr8PorpnNeF0WBj+zIk=","AqugiJ1m1SQmGNLvZbpRZIHbL9z5p7VhEK7UC4s7ZZU=","sb08tG9DMsNqVy3eOd2ib2hsodvpCoUv0r4as5suLtI=","2+NvT+M34sDgWPMgxomx5GN1VcQgWyNlBwfFDex9LcA=","XS/N5mwnDp03UryRNjDEs1sjZjMxjPZAvaoJ64oemLA="],"block_size":4096,"path":"fa2772327f55d8198301fdb8bcfc8158.woff"},{"block_hashes":["xz4ucGisM2KDG9yrC2ZXnBT87uMAmACqaXvB7L58hxU="],"block_size":4096,"path":"load.css"},{"block_hashes":["VtlBrXPhjCIdh6Hs/K0wfzNLox6L6m9gd2ciyE1yva0=","OCrlpyQNe0NryN/lM3ZtTuWktHZyPytXjsFk+FCLpF4=","7wN5PckK3Sj9yn4yLbFwjiG2qGodm9SpoXmVzPJ3RDA=","D2OHZuycpa8vATdEVJVdkqcIpLEs6qMCG2jH9k1nOaU=","tuyt1lGpR4rNP4DD7x8gvPI4qwGjCNTn2KF+FoC1iUE=","OrE+qb+1Vm45GrWTjIns5k2vz5wJDeTYsj/l2WRKhjk=","CUzKGqtUaHVcRI70CWp5QjLReLHAmnCCly9crDZIfks=","CXdo9nHnSO6188zV4VcBh5Z0QkbwwhNeIshXonSRZ18=","INEcSgPWrLIfza0nVg6NPfni2ECBxAMvfUcvQc8h6JE=","zxewE6zTzvfdochHzFTmBxdR+pJSi8kPuA/Msbx243o=","SdGgg7B/v2OXDJtaQfjfjoo6dufPBCGRfrF7asxaScI=","6eIidOrWtRqjjJpTHZnqLmedmA+4GBGjbJCH7PMa3ys=","DsUboWb62gt5BbYThql2Coc54tAU4B3TWYZ0Jr+94w4=","1VSlAS+Qum8YTLsMu9JVdln9Z/DOMPSUiewIIhQMzxE=","lzJAKHH+agaMd5mStSZHPCPdI2/RTMEJvmQFAnXxp1M=","wY/Sz3ZlaHuzd0PU0+oM8addn9818tuT8/loavKxDPM=","G8dx15L6mBkU1hq+ZNnqK7X1BdTwN7XRMpFwxVkGRu0=","dU/sZ/YPJlZWGwCO4VZtgScqZQCMXi2NaC+IDIeXoYs=","QZNwXHozw0ZBFMxwLpsqB4/LXOkiDrv0lASFdmPGMaU=","3nKYy9fWrcqV1EQtdaWrHUBdATrJMfdXEFhonYrINEI=","q4A+orax3GKQef1TjoRMlMbkm+GgRMdoHrd/Wibkk9A=","uFwKdQWsg8tnGNCHvpKhrfnp0PuZfu1p0fEYAALzRhE=","72TMzcHJx0L6G5H2XZuroTaum4Fo8T8Oe7wqYGsNRBY=","GNFxjpAg21UvW0Ue0EkZ17wYEmUUhVssPGTYEhNY+JQ=","lJwFb5rkf8GGObBt5cbqPHAiNqP53bPsT3dQX3bLb+4="],"block_size":4096,"path":"load.js"},{"block_hashes":["d0gaFBcX0igcew0ulWWJ7ms/cCK7qJNUIAmUCvtFC4k=","RieOdY09HGJOrySycy3igcRQiIVvM0kYjjRu7f/C0w4=","boV89/2G0kZbQt7f2cl1xgy/7HYhkDsudp4gN12BbP8=","eRbdWImm/tNcvwyLydnZ+XK4MB+RR40gi9Pgq2OUjfI=","0yPehlTJDQMMVLO/hMloHHQs651tXDqPoqSdiJD7vL4=","RMFghMPjWdODkDDLK+A0JyUOHUN2QO8L76JWsXTwQhk=","h8683kcd8ZhDST5UoBa8edosw6fNuRqb30M1h9fdVwE=","sj2k/1txPa//M9t6r8nSjMwTpGVCiQw7PE41zUOS1T8=","RCw77WuYXhOmLt5iodPxQk8avrOj4zDDN5q2/XgizDI=","DDO7VN9ZcZvwoptjEyeqrynbh+BzNQwhJee3v6q9nwI=","+9uwJx44RAdu60CHjriYB7em7sYHAiRgd7oo7TfFcWE=","mpSAP43RSq4rxnyju4FM+EYsyIF5mkGzKZyuruAH610=","MfJRx0sSmXLs74hBGy2IDoP9Kd29JxkkVHTJ1PcPHoY=","7mBEUfAqk4Zmt2gQjg42WRDrlajCVNIXG8+o4zxaZhE=","mqnvlkrkfJ8V/cjacqWGF7LoKDp/gSZabBTH6ObXcH0=","9RGpH+Z/el2oHhF4sDAKSSFTzZHVd0JV/QsSSopxueE=","5tD4KutGx5H08CVTUmPCaPFvJO/jmLxIJBwBKxR1u/4=","ImdE4kAjPcTJIuoW58Kv+owvPfB/rtNMnEKQG6KPU/s=","E2FtAi7A2RImYsYiMbjuYzQIDDD8or5mw9JJJ1xe1XU=","YHpKkZGdhFfTE0hM8aP+eORaumvlprbQf7N+X/+6Edk=","URdkNRM+5YYswjImWhn43iWe9B5of08grlAfGR54OjI=","IAZdjh+4LoxZ8hMMOlJYJsTxW1sXj3nyNcWVMXU59/g=","qEy9rKgQ2dQtxE/UOJs5JdlpbOIndia8EorEEOOU+Ns=","MNSNSbLrwLmjVJDr98DXvpc5Dy4MYeFT4V+iyRD1GP8=","+io1RJgmq9bxO3z8TiuoRxsFqSio/LZseVprfLzq5rE=","4Z8sek5FnUXVYWZ7pLBsUbyw18JqoFMvvi2EBNDLU2M=","sfp7NNh6AOQBXq4Aa39zq2GL65ByPGoCRS4HL3y7uq8=","PQy/jl/N16QZFUBEfln/IDF/8VXA+ZS9g/ESZ1xIOKM=","cMI9oUoiVHsydUjE0RZ3/8NbeH3vXa5qxi2BCHv7iWs=","nW6gZodXj9EFHX+1w5pWppFYN0xHwpDQlDzk5M7sxoo=","Ws0nsLLQzKHcDxzX5kCkAmJq5rCQbwpaq01oLFR7d/I=","x/qnS68stiNowq1RzkXrQ+0yazWHeeVyt9h1L/n31HQ=","FZ6bliv25/SWAnrSGiXC2vrGOo6/7ySDHNYIhEH2qvY=","ZsFABNqHp6rOt6h6eaofORih+VJJ15ZX7BCV2Ewnu0g=","AISEWPgfDrWwwBJOId/fuyyqm5OmMk9gFJtSvM6MJXE=","91abUOza84e7WDZ5RWONigRIA4eNrBlUewjvTEY7CPE=","2ROKHy0B8PW3c9HYMAkg57rxJtdjDn4atWNk7d5YbGU=","WbQt6aOpbjlc2ZWvo/R5HHyn75iuT2VCM+WeocgU3wE="],"block_size":4096,"path":"popup.css"},{"block_hashes":["3Gciq16ZWGzV78jaRY6oFNGEz3vjI4HBwmiIpm6LUqM="],"block_size":4096,"path":"popup.html"},{"block_hashes":["GxweWu/RjUoxiyI937qsoFWuGPRzPHoxxrIyhaViomA=","4ijw/SV8P76mgXblsafYBpqY67hMQvdY+sByPSJNILo=","zuJu7tsPnhcjDd5j/ReWeHRHkMJi7hjr3WHc0BEMxTs=","cTNczllLk/QDtUnn2Mz0DAXwKS4tcsT36SxLKI8oFKY=","W/bY9j1MtS5Q2HrE0jAeNCeh9xJOaqlLgIuag6XS5Yk=","4LrrDBep/AwPOeWa2Sehjb15Yy5jzpsRzGpOpxsONvs=","wZXd1Bn1fBkFIPnepvGZue7unS7O5J6Ixm+7EXhqLAU=","cVM5u3ZczIJ/kbBmBVpKkveohUkLR75FCf5F53uwz2c=","/0olAiR6E6v//GuZYaz+SaM/SU5Hx4xM1vGpJg5IRIk=","bttUukoqH8Gm5lokI19p25I1yGjvwSNEWKAEBzvXY0c=","pETd9HyjqrX9cwGeMwZUS2ZmxINb/VrvhQ6gM+YO/TQ=","nSV1zJKfeKwkjYPRQroGhjPn5Ib2fkfHBImkzqmOGag=","qjonFPvC+Mlrz0fKvs7fHZOZCy1wI4N81Pq8kZTPsbE=","Pl7X7mdriPWa+vN1af5ScZa6TK93A0RKpR4mJwVZdSE=","xSgxW6wA2A+BEGD1ONOIFa09yoEGhi+wJLjJeXpvMzE=","JgNSuPphpDmx1XE+Vlu8XDQeLAkDgoQqFLF8kKnslCw=","hIJlsXPfWCQ1XKv3cBOQDsulKiP0gzVVBjEbwJi7mGc=","955/cRrxqq3udr6+1s07+7lecOpuckz3ncMBm564AaY=","6DKBY/ejELi7X/+Ly/mbka7vRbWmV285ZIH/BS3kjPw=","nBoLb4JLIsNvAHrZ/Er3iCZ91+RDsjhkyYN+dq1nOPI=","pigq432rS9qSlu7kUueloHmJjioZdMxRQbiyUFAXM4U=","T9LQS9ogcJSZfOWMzI2guOrUFcywnbHkDLTYsKC0PJo=","WXCZoUXyLPz83cPEDI5yhaHzCUGIbp3cJqWGprM58wI=","ixsZCIK3lyOX1WKV9Fz7f8qODoW69tjBNG3FDRVa9SQ=","idIivAhPKx6jBiWlaIAEEQV+cTFb9Ztm7AfY26ZeYrE=","tiynM8z78Pir/o2ynVt6Ynzc0BKoGWEKSFohsfr2KPs="],"block_size":4096,"path":"popup.js"},{"block_hashes":["xz4ucGisM2KDG9yrC2ZXnBT87uMAmACqaXvB7L58hxU="],"block_size":4096,"path":"rtl.css"},{"block_hashes":["OSSJGyEjlQ/w7+f6DAVF4hTghOHcuORMEYrR4im4tPY=","R1J3dwDPUx9dzC7x43fsyBb1Yoy9VEdilLcIBWm9Tqo=","Gklovcy9c6c3IoH69jKIL8uEJDLfLH9W3iSKNUDksN4=","hkT3UBYwkMqNLu3giXoR5CL5oqWepLetSZTPwTj8W00=","lu4ZppBGNraQCY3Z/CPI06ogDGflAWU851yJaYXanq4=","WQEr4gkXPvcb6UHdgluKcNUTMxUzc34TPSfAr5WFb5c=","IOpRS46VMakeU8uxQjuBuCSTuDe76upCfSYeY3BvKVY=","po7tn53lRNVz+eUEmqwGQobBNFp0Yn49CYpOLUWn3lI=","dfG42T4HbWKGIiefKiZRJ61MNYP/FbIMOc6H+2JXOxY=","hat9dTzoKSurpK9s+Mn67bArjGIZBQgA7xi8qjhDEIQ=","RhtEBt1VVoqT3vzHaUUUt8Sn8v3ykBtGMxRH/CtXC58=","5AsuCkYTxAFDx1DpltK7U05Lz5Ds23ckhmWp8JUeaYg=","sAcic9wIL56VMKkW+NYQxa1gisvom9cyALm7SuPRdks=","o0YAYc2z+utgUa9Xt/l87TdBbKgRNfaZWbZ1JH9kvJM=","/+A8tRESnp0DzlL5ngoo9kicyG7Ycbuju8x0Mvk/23Q=","k8XZ72/MaeBdw0N0TKnGB7eEh4O/CzZovFfBE3Lftx8=","N2d+jxn5MSYcRJfAftKJno2LPPkQGtCXqO8q41PNrvI=","At2X8ILvbsNtTz1TNrycDuu+4IjYQpj8Y4YiLL+OLy4=","3zwf4WY2WlNgLDR5Pbfo/CsGEIDNyaKyIof07J1GmLo=","CfKVGYKUTLaHHnugb218bMeYVZ1Iwu4AC5nMb1QLlhU=","lK7wuc0wc7FOuncyLyWpboQrZEOISqTW33TxaWxvLIs=","Atl6nHViAls4gDj438fYhdJeC6BiBt9qu3xX+tzIGLI=","RMgTeGFHJf+kkPxnEKOMrhHkiBr8FeJwDVBlbfxBKww=","y96uMqbKHzH78gsdOUR3j3YJi1t35hs9idGYXnpiDmU=","zZEqLH7viGn9AOy1RstW9lCA+yG39SytSZGNwIiG444="],"block_size":4096,"path":"rtl.js"}],"version":2}